Player,20,minecraft:coal,1,eyJ0ZXh0dXJlcyI6eyJTS0lOIjp7InVybCI6Imh0dHA6Ly90ZXh0dXJlcy5taW5lY3JhZnQubmV0L3RleHR1cmUvMmFiZDhhYzgxMGMzY2Y1MTYzZDE5YTI1YzNiZWMxZTlhZTg4NmI4ZjhkM2QwMWMwYTRkNzUyMGFmNjVlMWU4MCJ9fX0=,Overworld,Hostile
Warden,75,minecraft:netherite_ingot,1,eyJ0ZXh0dXJlcyI6eyJTS0lOIjp7InVybCI6Imh0dHA6Ly90ZXh0dXJlcy5taW5lY3JhZnQubmV0L3RleHR1cmUvNWYwZTQxNmZiYzA0NmMzNDA3NThkMTk2M2YzOWJiODQwY2JiZTYzOTdiMGNjZjkwNjc4NGUwMTNlZGNkMzIzZiJ9fX0=,Overworld,Boss
Wither,60,minecraft:netherite_ingot,1,eyJ0ZXh0dXJlcyI6eyJTS0lOIjp7InVybCI6Imh0dHA6Ly90ZXh0dXJlcy5taW5lY3JhZnQubmV0L3RleHR1cmUvODg2ZGMwY2ZjYWVlY2ZlMWFiNjkxNDZlNGQ0ZjExOTA4MzcwNzZhNjdkZWMxMzVmYWJkYTYyNzFmMzc1ZDAxZiJ9fX0=,Overworld,Boss
Elder Guardian,40,minecraft:netherite_ingot,1,eyJ0ZXh0dXJlcyI6eyJTS0lOIjp7InVybCI6Imh0dHA6Ly90ZXh0dXJlcy5taW5lY3JhZnQubmV0L3RleHR1cmUvOGRmNGZlYzNhYTM0Y2VkZGIwMjVhNDJjOWZjNDM1YTgwMjliMDYyNTk4YjMyNTMyMmJhM2NiNWU1ZjM1MWMxZiJ9fX0=,Overworld,Boss
Ender Dragon,40,minecraft:netherite_ingot,1,eyJ0ZXh0dXJlcyI6eyJTS0lOIjp7InVybCI6Imh0dHA6Ly90ZXh0dXJlcy5taW5lY3JhZnQubmV0L3RleHR1cmUvZjY4YzFjMDc5YTdmZmIzNmY0OGRkNzE1MDM1NWUzZTBiN2Y2OGRkNjA1ZTZmODg0NzMxM2MzNjBjZjYxZTBjIn19fQ==,End,Boss
Ravager,20,minecraft:netherite_ingot,1,eyJ0ZXh0dXJlcyI6eyJTS0lOIjp7InVybCI6Imh0dHA6Ly90ZXh0dXJlcy5taW5lY3JhZnQubmV0L3RleHR1cmUvNWM3M2UxNmZhMjkyNjg5OWNmMTg0MzQzNjBlMjE0NGY4NGVmMWViOTgxZjk5NjE0ODkxMjE0OGRkODdlMGIyYSJ9fX0=,Overworld,Hostile
Enderman,15,minecraft:ender_eye,3,eyJ0ZXh0dXJlcyI6eyJTS0lOIjp7InVybCI6Imh0dHA6Ly90ZXh0dXJlcy5taW5lY3JhZnQubmV0L3RleHR1cmUvZTlhZTY4YjUwYTY4OGU5ZTcyMDk0MDNjYmJhMTg1ZGVmNjM5YTFlOTI1NWIyZjA4ZmEwOGE4NGQ1ZDMxZjMyZCJ9fX0=,End,Neutral
Endermite,15,minecraft:totem_of_undying,1,eyJ0ZXh0dXJlcyI6eyJTS0lOIjp7InVybCI6Imh0dHA6Ly90ZXh0dXJlcy5taW5lY3JhZnQubmV0L3RleHR1cmUvNWJjN2I5ZDM2ZmI5MmI2YmYyOTJiZTczZDMyYzZjNWIwZWNjMjViNDQzMjNhNTQxZmFlMWYxZTY3ZTM5M2EzZSJ9fX0=,End,Hostile
Shulker,15,minecraft:totem_of_undying,1,eyJ0ZXh0dXJlcyI6eyJTS0lOIjp7InVybCI6Imh0dHA6Ly90ZXh0dXJlcy5taW5lY3JhZnQubmV0L3RleHR1cmUvMmUzM2ViZDEyYWU2ZGJmYTIzNDRkZjE2ZGE4ZmM2ZjM1OTdmZjQ4MDE3ZmJlMzgzYWJkMTY2OWNiZjU0NTYyZCJ9fX0=,End,Hostile
Evoker,15,minecraft:vex_spawn_egg,1,eyJ0ZXh0dXJlcyI6eyJTS0lOIjp7InVybCI6Imh0dHA6Ly90ZXh0dXJlcy5taW5lY3JhZnQubmV0L3RleHR1cmUvZTc5ZjEzM2E4NWZlMDBkM2NmMjUyYTA0ZDZmMmViMjUyMWZlMjk5YzA4ZTBkOGI3ZWRiZjk2Mjc0MGEyMzkwOSJ9fX0=,Overworld,Hostile
Piglin Brute,10,minecraft:enchanted_golden_apple,1,eyJ0ZXh0dXJlcyI6eyJTS0lOIjp7InVybCI6Imh0dHA6Ly90ZXh0dXJlcy5taW5lY3JhZnQubmV0L3RleHR1cmUvM2UzMDBlOTAyNzM0OWM0OTA3NDk3NDM4YmFjMjllM2E0Yzg3YTg0OGM1MGIzNGMyMTI0MjcyN2I1N2Y0ZTFjZiJ9fX0=,Nether,Hostile
Wither Skeleton,10,minecraft:enchanted_golden_apple,1,eyJ0ZXh0dXJlcyI6eyJTS0lOIjp7InVybCI6Imh0dHA6Ly90ZXh0dXJlcy5taW5lY3JhZnQubmV0L3RleHR1cmUvODg2ZGMwY2ZjYWVlY2ZlMWFiNjkxNDZlNGQ0ZjExOTA4MzcwNzZhNjdkZWMxMzVmYWJkYTYyNzFmMzc1ZDAxZiJ9fX0=,Nether,Hostile
Zoglin,8,minecraft:diamond,2,eyJ0ZXh0dXJlcyI6eyJTS0lOIjp7InVybCI6Imh0dHA6Ly90ZXh0dXJlcy5taW5lY3JhZnQubmV0L3RleHR1cmUvYzE5YjdiNWU5ZmZkNGUyMmI4OTBhYjc3OGI0Nzk1YjY2MmZhZmYyYjQ5NzhiZjgxNTU3NGU0OGIwZTUyYjMwMSJ9fX0=,Overworld,Hostile
Allay,8,minecraft:diamond,2,eyJ0ZXh0dXJlcyI6eyJTS0lOIjp7InVybCI6Imh0dHA6Ly90ZXh0dXJlcy5taW5lY3JhZnQubmV0L3RleHR1cmUvZGY1ZGU5NDBiZmU0OTljNTllZThkYWM5ZjljMzkxOWU3NTM1ZWZmM2E5YWNiMTZmNDg0MmJmMjkwZjRjNjc5ZiJ9fX0=,Overworld,Passive
Glow Squid,8,minecraft:diamond,2,eyJ0ZXh0dXJlcyI6eyJTS0lOIjp7InVybCI6Imh0dHA6Ly90ZXh0dXJlcy5taW5lY3JhZnQubmV0L3RleHR1cmUvNGNiMDdkOTA1ODg4Zjg0NzIyNTJmOWNmYTM5YWEzMTdiYWJjYWQzMGFmMDhjZmU3NTFhZGVmYTcxNmIwMjAzNiJ9fX0=,Overworld,Passive
Iron Golem,8,minecraft:diamond,2,eyJ0ZXh0dXJlcyI6eyJTS0lOIjp7InVybCI6Imh0dHA6Ly90ZXh0dXJlcy5taW5lY3JhZnQubmV0L3RleHR1cmUvZTEzZjM0MjI3MjgzNzk2YmMwMTcyNDRjYjQ2NTU3ZDY0YmQ1NjJmYTlkYWIwZTEyYWY1ZDIzYWQ2OTljZjY5NyJ9fX0=,Overworld,Neutral
Axolotl,8,minecraft:diamond,2,eyJ0ZXh0dXJlcyI6eyJTS0lOIjp7InVybCI6Imh0dHA6Ly90ZXh0dXJlcy5taW5lY3JhZnQubmV0L3RleHR1cmUvYTIxNDllYjhhNDg5ZDhiMDM1OGQ5ODk1NjBjZDI3MDRiMjU2NGFjYjkxY2JmYjZkMDE0NmYzNWNjMDRhM2ZmIn19fQ==,Overworld,Passive
Piglin,8,minecraft:diamond,2,eyJ0ZXh0dXJlcyI6eyJTS0lOIjp7InVybCI6Imh0dHA6Ly90ZXh0dXJlcy5taW5lY3JhZnQubmV0L3RleHR1cmUvYTc5MmI2OTk3ZDczOWY1MzViZWVkM2FiMWQ0YWVhZGZhNzY3NzdiZjhlMzhhNjY2ZjU0ZjgyZmY5Zjg1ODE4NiJ9fX0=,Nether,Neutral
Strider,6,minecraft:diamond,1,eyJ0ZXh0dXJlcyI6eyJTS0lOIjp7InVybCI6Imh0dHA6Ly90ZXh0dXJlcy5taW5lY3JhZnQubmV0L3RleHR1cmUvYTEzY2I1NjYxMjRhZWQzYjVkODZiZmFmMWQxYjAxZjY5NTI2NjQ1NjIyZWQ4NTEwYWE4NmE2NmQ1NzA5NmZlNCJ9fX0=,Nether,Neutral
Wolf,6,minecraft:diamond,1,eyJ0ZXh0dXJlcyI6eyJTS0lOIjp7InVybCI6Imh0dHA6Ly90ZXh0dXJlcy5taW5lY3JhZnQubmV0L3RleHR1cmUvYjhiZGQwZGYzODUxMTA3OWZiZGE3NWExYzZkYzFiOWIwMzQxMjExODI0NmEyMzdiZDVjNDdmYWY2ZTc5NGUxMiJ9fX0=,Overworld,Neutral
Witch,6,minecraft:diamond,1,eyJ0ZXh0dXJlcyI6eyJTS0lOIjp7InVybCI6Imh0dHA6Ly90ZXh0dXJlcy5taW5lY3JhZnQubmV0L3RleHR1cmUvN2U3MWE2ZWIzMDNhYjdlNmY3MGVkNTRkZjkxNDZhODBlYWRmMzk2NDE3Y2VlOTQ5NTc3M2ZmYmViZmFkODg3YyJ9fX0=,Overworld,Hostile
Guardian,6,minecraft:diamond,1,eyJ0ZXh0dXJlcyI6eyJTS0lOIjp7InVybCI6Imh0dHA6Ly90ZXh0dXJlcy5taW5lY3JhZnQubmV0L3RleHR1cmUvMThkMmE3ZmVhN2YyZTBkOTE2YzdjNmQ3OTE0OTM3YmI4ZGQzZmJmZDdmOTQ4M2E0YTM5MTJmNWEwZmM2M2QzIn19fQ==,Water,Hostile
Blaze,6,minecraft:diamond,1,eyJ0ZXh0dXJlcyI6eyJTS0lOIjp7InVybCI6Imh0dHA6Ly90ZXh0dXJlcy5taW5lY3JhZnQubmV0L3RleHR1cmUvYjIwNjU3ZTI0YjU2ZTFiMmY4ZmMyMTlkYTFkZTc4OGMwYzI0ZjM2Mzg4YjFhNDA5ZDBjZDJkOGRiYTQ0YWEzYiJ9fX0=,Nether,Hostile
Ghast,6,minecraft:diamond,1,eyJ0ZXh0dXJlcyI6eyJTS0lOIjp7InVybCI6Imh0dHA6Ly90ZXh0dXJlcy5taW5lY3JhZnQubmV0L3RleHR1cmUvZGU4YTM4ZTlhZmJkM2RhMTBkMTliNTc3YzU1YzdiZmQ2YjRmMmU0MDdlNDRkNDAxN2IyM2JlOTE2N2FiZmYwMiJ9fX0=,Nether,Hostile
Hoglin,6,minecraft:diamond,1,eyJ0ZXh0dXJlcyI6eyJTS0lOIjp7InVybCI6Imh0dHA6Ly90ZXh0dXJlcy5taW5lY3JhZnQubmV0L3RleHR1cmUvOWJiOWJjMGYwMWRiZDc2MmEwOGQ5ZTc3YzA4MDY5ZWQ3Yzk1MzY0YWEzMGNhMTA3MjIwODU2MWI3MzBlOGQ3NSJ9fX0=,Nether,Hostile
Magma Cube,6,minecraft:diamond,1,eyJ0ZXh0dXJlcyI6eyJTS0lOIjp7InVybCI6Imh0dHA6Ly90ZXh0dXJlcy5taW5lY3JhZnQubmV0L3RleHR1cmUvZWFhOTIyOGJjN2FjOTRiMzYzMWZmMGY0M2RiNmI0ZTJkMGY1MGExMDdmNTkyNTM4YWU3MDRlMTk3ZmUxMjM5ZCJ9fX0=,Nether,Hostile
Zombified Piglin,6,minecraft:diamond,1,eyJ0ZXh0dXJlcyI6eyJTS0lOIjp7InVybCI6Imh0dHA6Ly90ZXh0dXJlcy5taW5lY3JhZnQubmV0L3RleHR1cmUvODk1NGQwZDFjMjg2YzFiMzRmYjA5MTg0MWMwNmFlZDc0MWExYmY5YjY1YjlhNDMwZTRlNWNhMWQxYzRiOWY2ZiJ9fX0=,Nether,Neutral
Vex,6,minecraft:diamond,1,eyJ0ZXh0dXJlcyI6eyJTS0lOIjp7InVybCI6Imh0dHA6Ly90ZXh0dXJlcy5taW5lY3JhZnQubmV0L3RleHR1cmUvYjY2MzEzNGQ3MzA2YmI2MDQxNzVkMjU3NWQ2ODY3MTRiMDQ0MTJmZTUwMTE0MzYxMWZjZjNjYzE5YmQ3MGFiZSJ9fX0=,End,Hostile
Illusioner,6,minecraft:diamond,1,eyJ0ZXh0dXJlcyI6eyJTS0lOIjp7InVybCI6Imh0dHA6Ly90ZXh0dXJlcy5taW5lY3JhZnQubmV0L3RleHR1cmUvNDYzOWQzMjVmNDQ5NDI1OGE0NzNhOTNhM2I0N2YzNGEwYzUxYjNmY2VhZjU5ZmVlODcyMDVhNWU3ZmYzMWY2OCJ9fX0=,Overworld,Hostile
Pillager,6,minecraft:diamond,1,eyJ0ZXh0dXJlcyI6eyJTS0lOIjp7InVybCI6Imh0dHA6Ly90ZXh0dXJlcy5taW5lY3JhZnQubmV0L3RleHR1cmUvMzJmYjgwYTZiNjgzM2UzMWQ5Y2U4MzEzYTU0Nzc3NjQ1ZjljMWU1NWI4MTA5MThhNzA2ZTdiY2M4ZDM1YTVhMiJ9fX0=,Overworld,Hostile
Vindicator,6,minecraft:diamond,1,eyJ0ZXh0dXJlcyI6eyJTS0lOIjp7InVybCI6Imh0dHA6Ly90ZXh0dXJlcy5taW5lY3JhZnQubmV0L3RleHR1cmUvZGFlZWQ5ZDhlZDE3NjllNzdlM2NmZTExZGMxNzk2NjhlZDBkYjFkZTZjZTI5ZjFjOGUwZDVmZTVlNjU3M2I2MCJ9fX0=,Overworld,Hostile
Slime,6,minecraft:diamond,1,eyJ0ZXh0dXJlcyI6eyJTS0lOIjp7InVybCI6Imh0dHA6Ly90ZXh0dXJlcy5taW5lY3JhZnQubmV0L3RleHR1cmUvNmVhOTAxNjEzNDQyMTA3OTE1OGFlZTRjZWMxMGRmMzc2MGVhNGNjODBlZmUxYWI3YjE3NTI4YjYwZGIyMTg0ZiJ9fX0=,Overworld,Hostile
Skeleton Horse,4,minecraft:iron_ingot,3,eyJ0ZXh0dXJlcyI6eyJTS0lOIjp7InVybCI6Imh0dHA6Ly90ZXh0dXJlcy5taW5lY3JhZnQubmV0L3RleHR1cmUvNDdlZmZjZTM1MTMyYzg2ZmY3MmJjYWU3N2RmYmIxZDIyNTg3ZTk0ZGYzY2JjMjU3MGVkMTdjZjg5NzNhIn19fQ==,Overworld,Passive
Polar Bear,4,minecraft:iron_ingot,3,eyJ0ZXh0dXJlcyI6eyJTS0lOIjp7InVybCI6Imh0dHA6Ly90ZXh0dXJlcy5taW5lY3JhZnQubmV0L3RleHR1cmUvYzMwNzZiY2U4OTllNWEyMmFhYzA4MGIyY2FkNzljN2Q2YTcyZDI0NDhhZjY2Mzg2ZTBlMDc2YmZmYWM5ZTExMiJ9fX0=,Overworld,Passive
Cave Spider,4,minecraft:iron_ingot,3,eyJ0ZXh0dXJlcyI6eyJTS0lOIjp7InVybCI6Imh0dHA6Ly90ZXh0dXJlcy5taW5lY3JhZnQubmV0L3RleHR1cmUvZWNjYzRhMzJkNDVkNzRlOGIxNGVmMWZmZDU1Y2Q1ZjM4MWEwNmQ0OTk5MDgxZDUyZWFlYTEyZTEzMjkzZTIwOSJ9fX0=,Overworld,Neutral
Creeper,4,minecraft:iron_ingot,3,eyJ0ZXh0dXJlcyI6eyJTS0lOIjp7InVybCI6Imh0dHA6Ly90ZXh0dXJlcy5taW5lY3JhZnQubmV0L3RleHR1cmUvYmQwNWFkYmM3MDk3ODQ1ZWI0MjBkOGEyMjIxZDVhOGY5MzA3YzRmNDg2N2FhYTYyZGZmZTZmOTNlNjkwMjVlYyJ9fX0=,Overworld,Hostile
Silverfish,4,minecraft:iron_ingot,3,eyJ0ZXh0dXJlcyI6eyJTS0lOIjp7InVybCI6Imh0dHA6Ly90ZXh0dXJlcy5taW5lY3JhZnQubmV0L3RleHR1cmUvZGE5MWRhYjgzOTFhZjVmZGE1NGFjZDJjMGIxOGZiZDgxOWI4NjVlMWE4ZjFkNjIzODEzZmE3NjFlOTI0NTQwIn19fQ==,Overworld,Hostile
Drowned,4,minecraft:iron_ingot,3,eyJ0ZXh0dXJlcyI6eyJTS0lOIjp7InVybCI6Imh0dHA6Ly90ZXh0dXJlcy5taW5lY3JhZnQubmV0L3RleHR1cmUvMzAzZDU1MmJmZjk4MTM3YTRkMjBlZjFhZTYwODdlNzE3YTg3YWRlMmNlNWE0ZDkwNDRjNzc2ZjBlNTk0OGEyIn19fQ==,Overworld,Neutral
Husk,4,minecraft:iron_ingot,3,eyJ0ZXh0dXJlcyI6eyJTS0lOIjp7InVybCI6Imh0dHA6Ly90ZXh0dXJlcy5taW5lY3JhZnQubmV0L3RleHR1cmUvNmU1MjkzNzZkNTAyMjA4MzQ2NjI3ODJiMzlmNmE0NDk2YWExODJmYmY5NWE5MTIwNmU2MjFhYTc0ODFiNjcyIn19fQ==,Overworld,Hostile
Phantom,4,minecraft:iron_ingot,3,eyJ0ZXh0dXJlcyI6eyJTS0lOIjp7InVybCI6Imh0dHA6Ly90ZXh0dXJlcy5taW5lY3JhZnQubmV0L3RleHR1cmUvYWRmZTUxODAxNzYxNjYwZWJmNmRhZTcwZTljYWQ1ODhiMmVmNWU2Y2IyYjMxOTRkMDI4YTQwYWMwZWViY2RmNSJ9fX0=,Overworld,Hostile
Skeleton,4,minecraft:iron_ingot,3,eyJ0ZXh0dXJlcyI6eyJTS0lOIjp7InVybCI6Imh0dHA6Ly90ZXh0dXJlcy5taW5lY3JhZnQubmV0L3RleHR1cmUvNDgyYjc4ZGE2ZWU3MTNkNWFjZmU1ZmNiMDc1NGVlNTY5MDA4MzFhNTA5ODMxMzA2NDEwOGRlNmU3ZTQwNjgzOSJ9fX0=,Overworld,Hostile
Spider,4,minecraft:iron_ingot,3,eyJ0ZXh0dXJlcyI6eyJTS0lOIjp7InVybCI6Imh0dHA6Ly90ZXh0dXJlcy5taW5lY3JhZnQubmV0L3RleHR1cmUvZWVjNTU3NDYwM2YzMDQ4ZjIxYWQ1YTNjOTRkOTcxMTU3MDYwMTFmZTZiYTY3NzgxMDkxYjhhOWFjMTBhZjU0ZiJ9fX0=,Overworld,Neutral
Stray,4,minecraft:iron_ingot,3,eyJ0ZXh0dXJlcyI6eyJTS0lOIjp7InVybCI6Imh0dHA6Ly90ZXh0dXJlcy5taW5lY3JhZnQubmV0L3RleHR1cmUvNzhkZGY3NmU1NTVkZDVjNGFhOGEwYTVmYzU4NDUyMGNkNjNkNDg5YzI1M2RlOTY5ZjdmMjJmODVhOWEyZDU2In19fQ==,Overworld,Hostile
Zombie,4,minecraft:iron_ingot,3,eyJ0ZXh0dXJlcyI6eyJTS0lOIjp7InVybCI6Imh0dHA6Ly90ZXh0dXJlcy5taW5lY3JhZnQubmV0L3RleHR1cmUvNjRmOGVhYjVlODYxNTM0ODQ3NzM3MGQwODhjNjhmNzY3M2RjMGEyMjA2NzFjMDMwY2VjYTg1YjA3NmIxZjM0MCJ9fX0=,Overworld,Hostile
Zombie Villager,4,minecraft:iron_ingot,3,eyJ0ZXh0dXJlcyI6eyJTS0lOIjp7InVybCI6Imh0dHA6Ly90ZXh0dXJlcy5taW5lY3JhZnQubmV0L3RleHR1cmUvMzdlODM4Y2NjMjY3NzZhMjE3YzY3ODM4NmY2YTY1NzkxZmU4Y2RhYjhjZTljYTRhYzZiMjgzOTdhNGQ4MWMyMiJ9fX0=,Overworld,Hostile
Zombie Pigman,4,minecraft:iron_ingot,3,eyJ0ZXh0dXJlcyI6eyJTS0lOIjp7InVybCI6Imh0dHA6Ly90ZXh0dXJlcy5taW5lY3JhZnQubmV0L3RleHR1cmUvYzUyNmZkMTEyMzYwYzcyZTk0NTk1YTc2MDAyODQ1NjlkNjZhMzFhMGM2ZGJjMTIzMDZjZjMzMmFiM2VjYWViYyJ9fX0=,Nether,Hostile
Zombified Piglin,4,minecraft:iron_ingot,3,eyJ0ZXh0dXJlcyI6eyJTS0lOIjp7InVybCI6Imh0dHA6Ly90ZXh0dXJlcy5taW5lY3JhZnQubmV0L3RleHR1cmUvMTkyMzdhMDY3MjEyMDEzMmY2MWE2ZGIyZjQ1ZDE3N2Y4YWQ4Y2UxYTlmYWQ5MTMyNzRjNzUyYTUxNGQ4Y2I1NSJ9fX0=,Nether,Hostile
Bee,2,minecraft:iron_nugget,6,eyJ0ZXh0dXJlcyI6eyJTS0lOIjp7InVybCI6Imh0dHA6Ly90ZXh0dXJlcy5taW5lY3JhZnQubmV0L3RleHR1cmUvNDVlNjQ3Yjg3OGMwNjQ0MTQ5MTY2MTQ5YjI2MDQ4ZDM2OWQ2MDJjYTk3M2M1MWI1YWYwNjFhMDUyMTY1YjhlZiJ9fX0=,Overworld,Neutral
Cat,2,minecraft:iron_nugget,6,eyJ0ZXh0dXJlcyI6eyJTS0lOIjp7InVybCI6Imh0dHA6Ly90ZXh0dXJlcy5taW5lY3JhZnQubmV0L3RleHR1cmUvNzI3ODM5ODk3YjIyOTA2Y2FhM2QzM2ZkMDE2NzhhNDRlMDVmZDY5OTZmOGIzZmRkMTQ4ZDIxNTQ2YWMzYTI1YSJ9fX0=,Overworld,Passive
Dolphin,2,minecraft:iron_nugget,6,eyJ0ZXh0dXJlcyI6eyJTS0lOIjp7InVybCI6Imh0dHA6Ly90ZXh0dXJlcy5taW5lY3JhZnQubmV0L3RleHR1cmUvOGU5Njg4Yjk1MGQ4ODBiNTViN2FhMmNmY2Q3NmU1YTBmYTk0YWFjNmQxNmY3OGU4MzNmNzQ0M2VhMjlmZWQzIn19fQ==,Overworld,Neutral
Fox,2,minecraft:iron_nugget,6,eyJ0ZXh0dXJlcyI6eyJTS0lOIjp7InVybCI6Imh0dHA6Ly90ZXh0dXJlcy5taW5lY3JhZnQubmV0L3RleHR1cmUvZWQ0MTZkNTUwOGMyMmFiNGNkYjQ5MzI5ZjJlY2JjNTczNGUxMDdiNjYzMGUyZDJiNTIxYjlhOWZlNTI0NDViYyJ9fX0=,Overworld,Neutral
Horse,2,minecraft:iron_nugget,6,eyJ0ZXh0dXJlcyI6eyJTS0lOIjp7InVybCI6Imh0dHA6Ly90ZXh0dXJlcy5taW5lY3JhZnQubmV0L3RleHR1cmUvZjAwYWQyMWJmODk2MGI4ODFkZTc5ZmNkY2VmMTE2MWQwNjdhYmExMGQ3MjQ3OGI3MjU5NWU1YzIyZmNiOWUwYiJ9fX0=,Overworld,Passive
Frog,2,minecraft:iron_nugget,6,eyJ0ZXh0dXJlcyI6eyJTS0lOIjp7InVybCI6Imh0dHA6Ly90ZXh0dXJlcy5taW5lY3JhZnQubmV0L3RleHR1cmUvZGRlYjYzZjY5ZjQ1ODI4Nzc5MGU4ZDEwNDQ4N2ViMGU5YjZhNGZmNjI2ODRhZDFlOGUwMjBmNGY0ZWIyYTljZiJ9fX0=,Overworld,Passive
Llama,2,minecraft:iron_nugget,6,eyJ0ZXh0dXJlcyI6eyJTS0lOIjp7InVybCI6Imh0dHA6Ly90ZXh0dXJlcy5taW5lY3JhZnQubmV0L3RleHR1cmUvOWY3ZDkwYjMwNWFhNjQzMTNjOGQ0NDA0ZDhkNjUyYTk2ZWJhOGE3NTRiNjdmNDM0N2RjY2NkZDVhNmE2MzM5OCJ9fX0=,Overworld,Passive
Mooshroom,10,minecraft:iron_ingot,3,eyJ0ZXh0dXJlcyI6eyJTS0lOIjp7InVybCI6Imh0dHA6Ly90ZXh0dXJlcy5taW5lY3JhZnQubmV0L3RleHR1cmUvM2Q1OTdmNzdjZGUzMmM5YWM5YjA2ZjgyZmNmN2M5Y2I1MDBmYWNjMTRiZmYxNjYyMjJiMjRiZTM5OTYyZjBlZiJ9fX0=,Overworld,Passive
Ocelot,2,minecraft:iron_nugget,6,eyJ0ZXh0dXJlcyI6eyJTS0lOIjp7InVybCI6Imh0dHA6Ly90ZXh0dXJlcy5taW5lY3JhZnQubmV0L3RleHR1cmUvZDAzYTJlMzc0MThlMGNmZmFhMmI1MTM5MTBjNTI4MmI5YmIwNmMzNWExZDQ3MDM5YTVjYzUxYjIzNGE1NDJmMyJ9fX0=,Overworld,Passive
Camel,2,minecraft:iron_nugget,6,eyJ0ZXh0dXJlcyI6eyJTS0lOIjp7InVybCI6Imh0dHA6Ly90ZXh0dXJlcy5taW5lY3JhZnQubmV0L3RleHR1cmUvYmE0Yzk1YmZhMGI2MTcyMjI1NTM4OTE0MWI1MDVjZjFhMzhiYWQ5YjBlZjU0M2RlNjE5ZjBjYzkyMjFlZDk3NCJ9fX0=,Overworld,Passive
Donkey,2,minecraft:iron_nugget,6,eyJ0ZXh0dXJlcyI6eyJTS0lOIjp7InVybCI6Imh0dHA6Ly90ZXh0dXJlcy5taW5lY3JhZnQubmV0L3RleHR1cmUvNzIwMTI0NWZjZGM2Y2M0MjY5NGQ4ZTY3ZTU2NjI4MmUwN2JjMDBhMGEzOTdmYzcyNjYwOWMyNzg5ZmQ5ZTZiMSJ9fX0=,Overworld,Passive
Panda,2,minecraft:iron_nugget,6,eyJ0ZXh0dXJlcyI6eyJTS0lOIjp7InVybCI6Imh0dHA6Ly90ZXh0dXJlcy5taW5lY3JhZnQubmV0L3RleHR1cmUvMjIzYjIzN2EwZjI3ZDUwNWZjZDkzMWI2ZTljMjkzM2E3NDY3ODdjYzEwODQxNGY0ZjgyMzcwNzk1YmUwZmI5In19fQ==,Overworld,Neutral
Goat,2,minecraft:iron_nugget,6,eyJ0ZXh0dXJlcyI6eyJTS0lOIjp7InVybCI6Imh0dHA6Ly90ZXh0dXJlcy5taW5lY3JhZnQubmV0L3RleHR1cmUvY2I0MjIzZTg1ODJlZGJiMGM5ODY4N2FhNWZhZmY5OGRhMDQ2NzBjMjQxMjg5YmM0ZmYxZjI1ZDc5ODhmYTk2NiJ9fX0=,Overworld,Neutral
Parrot,2,minecraft:iron_nugget,6,eyJ0ZXh0dXJlcyI6eyJTS0lOIjp7InVybCI6Imh0dHA6Ly90ZXh0dXJlcy5taW5lY3JhZnQubmV0L3RleHR1cmUvNWZjOWEzYjlkNTg3OWMyMTUwOTg0ZGJmZTU4OGNjMmU2MWZiMWRlMWU2MGZkMmE0NjlmNjlkZDRiNmY2YTk5MyJ9fX0=,Overworld,Passive
Bat,2,minecraft:iron_nugget,6,eyJ0ZXh0dXJlcyI6eyJTS0lOIjp7InVybCI6Imh0dHA6Ly90ZXh0dXJlcy5taW5lY3JhZnQubmV0L3RleHR1cmUvNmRlNzVhMmNjMWM5NTBlODJmNjJhYmUyMGQ0Mjc1NDM3OWRmYWQ2ZjVmZjU0NmU1OGYxYzA5MDYxODYyYmI5MiJ9fX0=,Overworld,Passive
Snow Golem,2,minecraft:iron_nugget,6,eyJ0ZXh0dXJlcyI6eyJTS0lOIjp7InVybCI6Imh0dHA6Ly90ZXh0dXJlcy5taW5lY3JhZnQubmV0L3RleHR1cmUvMWZkZmQxZjc1MzhjMDQwMjU4YmU3YTkxNDQ2ZGE4OWVkODQ1Y2M1ZWY3MjhlYjVlNjkwNTQzMzc4ZmNmNCJ9fX0=,Overworld,Passive
Mule,2,minecraft:iron_nugget,6,eyJ0ZXh0dXJlcyI6eyJTS0lOIjp7InVybCI6Imh0dHA6Ly90ZXh0dXJlcy5taW5lY3JhZnQubmV0L3RleHR1cmUvNDZkY2RhMjY1ZTU3ZTRmNTFiMTQ1YWFjYmY1YjU5YmRjNjA5OWZmZDNjY2UwYTY2MWIyYzAwNjVkODA5MzBkOCJ9fX0=,Overworld,Passive
Sniffer,2,minecraft:iron_nugget,6,eyJ0ZXh0dXJlcyI6eyJTS0lOIjp7InVybCI6Imh0dHA6Ly90ZXh0dXJlcy5taW5lY3JhZnQubmV0L3RleHR1cmUvZmU1YTgzNDFjNDc4YTEzNDMwMjk4MWU2YTc3NThlYTRlY2ZkOGQ2MmEwZGY0MDY3ODk3ZTc1NTAyZjliMjVkZSJ9fX0=,Overworld,Passive
Salmon,2,minecraft:iron_nugget,6,eyJ0ZXh0dXJlcyI6eyJTS0lOIjp7InVybCI6Imh0dHA6Ly90ZXh0dXJlcy5taW5lY3JhZnQubmV0L3RleHR1cmUvYjc3MGQ5MTdkMWNjYzEyZjNhMWNmNzNmZTdkZThjNjU0OGY0YTg0MjA4NjkyM2M3YmI0NDQ2YmNjN2FhZWJmYSJ9fX0=,Overworld,Passive
Tropical Fish,2,minecraft:iron_nugget,6,eyJ0ZXh0dXJlcyI6eyJTS0lOIjp7InVybCI6Imh0dHA6Ly90ZXh0dXJlcy5taW5lY3JhZnQubmV0L3RleHR1cmUvMzYzODlhY2Q3YzgyODBkMmM4MDg1ZTZhNmE5MWUxODI0NjUzNDdjYzg5OGRiOGMyZDliYjE0OGUwMjcxYzNlNSJ9fX0=,Overworld,Passive
Pufferfish,2,minecraft:iron_nugget,6,eyJ0ZXh0dXJlcyI6eyJTS0lOIjp7InVybCI6Imh0dHA6Ly90ZXh0dXJlcy5taW5lY3JhZnQubmV0L3RleHR1cmUvMmRkNGI5NjcyNmNmZDM2MDE1YWYzNzc4MzM2YzUyMjZhZTEyZmU4MGNhOGFmZWVlNzYzZjQ1NDJhODgzYzI4MiJ9fX0=,Overworld,Passive
Squid,2,minecraft:iron_nugget,6,eyJ0ZXh0dXJlcyI6eyJTS0lOIjp7InVybCI6Imh0dHA6Ly90ZXh0dXJlcy5taW5lY3JhZnQubmV0L3RleHR1cmUvMjNhMmI5MmIwYjQxNjg5MjYwYWFjMjZmNmE4Y2ViMjE4ZGRiOTQ1YjkxODVlZTAzNzBkZDdlNDE4ZmZmZjUxNyJ9fX0=,Overworld,Passive
Tadpole,2,minecraft:iron_nugget,6,eyJ0ZXh0dXJlcyI6eyJTS0lOIjp7InVybCI6Imh0dHA6Ly90ZXh0dXJlcy5taW5lY3JhZnQubmV0L3RleHR1cmUvMzMxZmZhMWZjZjAxN2FmNjBlMzEyOTEyZGI3Mjk2M2M1NzE0NzMxY2JmOTkxYTc2ZWRmZjQ3MDgyZjEzODI4MCJ9fX0=,Overworld,Passive
Trader Llama,2,minecraft:iron_nugget,6,eyJ0ZXh0dXJlcyI6eyJTS0lOIjp7InVybCI6Imh0dHA6Ly90ZXh0dXJlcy5taW5lY3JhZnQubmV0L3RleHR1cmUvMjBmZGZhNjBjNjI0ZmI2NjdjODMxM2IyZmIxZGFiNDBlMGFkMmU2ZTQ2OWI1NjdiZjU5NmFkMjYzOTIzMTljNSJ9fX0=,Overworld,Neutral
Turtle,2,minecraft:iron_nugget,6,eyJ0ZXh0dXJlcyI6eyJTS0lOIjp7InVybCI6Imh0dHA6Ly90ZXh0dXJlcy5taW5lY3JhZnQubmV0L3RleHR1cmUvNmFkYzBhY2VlZmU2YWNjM2U2ZDc5YTkyYjk0ODEyNjAzODgyNGE1MTM0M2NlNzQ3OGJiZDhiMWI2M2U5MWFkZiJ9fX0=,Overworld,Passive
Villager,2,minecraft:iron_nugget,6,eyJ0ZXh0dXJlcyI6eyJTS0lOIjp7InVybCI6Imh0dHA6Ly90ZXh0dXJlcy5taW5lY3JhZnQubmV0L3RleHR1cmUvNTU3YjE2YWZkMWYyODhkN2VmYjNmOGIzZDA4ZDk0NzljMDE4YTgyZmJmOTM1Y2Y3NGM4ZmY1YTU2NWJiY2M4YiJ9fX0=,Overworld,Passive
Wandering Trader,2,minecraft:iron_nugget,6,eyJ0ZXh0dXJlcyI6eyJTS0lOIjp7InVybCI6Imh0dHA6Ly90ZXh0dXJlcy5taW5lY3JhZnQubmV0L3RleHR1cmUvZWUwMTFhYWM4MTcyNTlmMmI0OGRhM2U1ZWYyNjYwOTQ3MDM4NjY2MDhiM2Q3ZDE3NTQ0MzJiZjI0OWNkMjIzNCJ9fX0=,Overworld,Passive
Cod,2,minecraft:iron_nugget,6,eyJ0ZXh0dXJlcyI6eyJTS0lOIjp7InVybCI6Imh0dHA6Ly90ZXh0dXJlcy5taW5lY3JhZnQubmV0L3RleHR1cmUvNzg5MmQ3ZGQ2YWFkZjM1Zjg2ZGEyN2ZiNjNkYTRlZGRhMjExZGY5NmQyODI5ZjY5MTQ2MmE0ZmIxY2FiMCJ9fX0=,Overworld,Passive
Chicken,1,minecraft:baked_potato,15,eyJ0ZXh0dXJlcyI6eyJTS0lOIjp7InVybCI6Imh0dHA6Ly90ZXh0dXJlcy5taW5lY3JhZnQubmV0L3RleHR1cmUvMzIwNjczZjZhOGI1ZmFlMDFlN2Y1ZDYxYzQzNWM2ZmRiN2Q2NWY5NDVlZmU1MmYyMmUyZTVjMjgzMGM4MmE4MCJ9fX0=,Overworld,Passive
Cow,1,minecraft:mushroom_stew,3,eyJ0ZXh0dXJlcyI6eyJTS0lOIjp7InVybCI6Imh0dHA6Ly90ZXh0dXJlcy5taW5lY3JhZnQubmV0L3RleHR1cmUvYmU4NDU2MTU1MTQyY2JlNGU2MTM1M2ZmYmFmZjMwNGQzZDljNGJjOTI0N2ZjMjdiOTJlMzNlNmUyNjA2N2VkZCJ9fX0=,Overworld,Passive
Pig,1,minecraft:baked_potato,15,eyJ0ZXh0dXJlcyI6eyJTS0lOIjp7InVybCI6Imh0dHA6Ly90ZXh0dXJlcy5taW5lY3JhZnQubmV0L3RleHR1cmUvODBjNDJmMWNjZDcwZTAyM2MyMGMwYTZmYWViNjI5MTA1YzJkNjBiMWE2NjY2Y2MzYzA3NjE2NWE0NGZlNWJmOCJ9fX0=,Overworld,Passive
Rabbit,1,minecraft:mushroom_stew,3,eyJ0ZXh0dXJlcyI6eyJTS0lOIjp7InVybCI6Imh0dHA6Ly90ZXh0dXJlcy5taW5lY3JhZnQubmV0L3RleHR1cmUvOWFkM2RkMmM1NjBkY2YzOWFmNDk4ZmY5NDg5MDcwZjIzY2JkMjgxNDM1OTAxZjgzMjZlZjNjODZlOTk3NTg4YSJ9fX0=,Overworld,Passive
Sheep,1,minecraft:baked_potato,15,eyJ0ZXh0dXJlcyI6eyJTS0lOIjp7InVybCI6Imh0dHA6Ly90ZXh0dXJlcy5taW5lY3JhZnQubmV0L3RleHR1cmUvMTZkYmU2ZmJiZGZlOGU5ODgwY2Q5ODA2MWE4OTU0Mzk0OTliM2NjZTVhYzg5ZWQ2NmJjNmI3MjhhOTdlMzNkZCJ9fX0=,Overworld,Passive